observation_date,ECOMNSA
1999-10-01,5225
2000-01-01,5468
2000-04-01,5951
2000-07-01,6845
2000-10-01,8892
2001-01-01,7769
2001-04-01,7639
2001-07-01,7605
2001-10-01,10476
2002-01-01,9394
2002-04-01,9838
2002-07-01,10517
2002-10-01,13789
2003-01-01,12037
2003-04-01,12661
2003-07-01,13584
2003-10-01,17422
2004-01-01,15708
2004-04-01,15985
2004-07-01,16788
2004-10-01,21839
2005-01-01,19532
2005-04-01,20360
2005-07-01,21551
2005-10-01,27339
2006-01-01,24717
2006-04-01,24966
2006-07-01,26040
2006-10-01,34097
2007-01-01,29460
2007-04-01,30672
2007-07-01,31489
2007-10-01,41014
2008-01-01,33398
2008-04-01,33415
2008-07-01,32633
2008-10-01,38619
2009-01-01,31306
2009-04-01,32092
2009-07-01,33718
2009-10-01,44884
2010-01-01,36388
2010-04-01,37795
2010-07-01,39391
2010-10-01,53415
2011-01-01,43417
2011-04-01,44540
2011-07-01,45244
2011-10-01,63215
2012-01-01,50751
2012-04-01,51540
2012-07-01,52774
2012-10-01,72386
2013-01-01,56901
2013-04-01,58507
2013-07-01,59494
2013-10-01,81255
2014-01-01,63900
2014-04-01,67197
2014-07-01,68622
2014-10-01,92214
2015-01-01,72688
2015-04-01,76328
2015-07-01,78017
2015-10-01,104463
2016-01-01,82572
2016-04-01,87333
2016-07-01,88927
2016-10-01,118118
2017-01-01,94270
2017-04-01,101002
2017-07-01,102858
2017-10-01,137404
2018-01-01,109651
2018-04-01,117433
2018-07-01,118441
2018-10-01,152838
2019-01-01,119529
2019-04-01,130221
2019-07-01,136419
2019-10-01,175558
2020-01-01,144373
2020-04-01,200899
2020-07-01,201682
2020-10-01,251533
2021-01-01,210681
2021-04-01,228882
2021-07-01,221442
2021-10-01,275587
2022-01-01,226040
2022-04-01,240460
2022-07-01,241484
2022-10-01,289493
2023-01-01,243552
2023-04-01,260898
2023-07-01,264675
2023-10-01,317892
2024-01-01,261108
2024-04-01,278255
2024-07-01,284795
2024-10-01,345872
2025-01-01,275715
2025-04-01,293140
2025-07-01,299717
2025-10-01,365160
2026-01-01,301242
2026-04-01,329530
